{
  "name": "flogo-rest-ldap",
  "author": "Stefano Pantaloni",
  "type": "flogo:trigger",
  "version": "0.1.0",
  "title": "Receive HTTP Message with LDAP Authentication",
  "description": "Simple REST Trigger with LDAP Auth",
  "homepage": "https://github.com/spantalo/flogo-components/tree/master/trigger/restldapauth",
  "settings": [
    {
      "name": "port",
      "type": "int",
      "required": true,
      "description": "The port to listen on"
    },
    {
      "name":"enableTLS",
      "type":"boolean",
      "description": "Enable TLS on the server"
    },
    {
      "name": "certFile",
      "type":"string",
      "description": "The path to PEM encoded server certificate"
    },
    {
      "name": "keyFile",
      "type":"string",
      "description": "The path to PEM encoded server key"
    },
    {
      "name": "LDAPURL",
      "type": "string",
      "required" : true,
      "description": "The LDAP URL",      
      "display": {
        "appPropertySupport": true
      }
    },
    {
      "name": "BindPassword",
      "type": "string",
      "required" : true,
      "description": "The LDAP BindPassword",      
      "display": {
        "appPropertySupport": true,
        "type": "password"
      }
    },
    {
      "name": "BindDN",
      "type": "string",
      "required" : true,
      "description": "The LDAP BindDN",      
      "display": {
        "appPropertySupport": true
      }
    },
    {
      "name": "BaseDN",
      "type": "string",
      "required" : true,
      "description": "The LDAP BaseDN",      
      "display": {
        "appPropertySupport": true
      }
    },
    {
      "name": "Filter",
      "type": "string",
      "required" : true,
      "description": "The LDAP Filter",      
      "display": {
        "appPropertySupport": true
      }
    }
  ],
  "output": [
    {
      "name": "pathParams",
      "type": "params",
      "description": "The path parameters (e.g., 'id' in http://.../pet/:id/name )"
    },
    {
      "name": "queryParams",
      "type": "params",
      "description": "The query parameters (e.g., 'id' in http://.../pet?id=someValue )"
    },
    {
      "name": "headers",
      "type": "params",
      "description": "The HTTP header parameters"
    },
    {
      "name": "method",
      "type": "string",
      "description": "The HTTP method used"
    },
    {
      "name": "content",
      "type": "any",
      "description": "The content of the request"
    }
  ],
  "reply": [
    {
      "name": "code",
      "type": "int",
      "description": "The http code to reply with"
    },
    {
      "name": "data",
      "type": "any",
      "description": "The data to reply with"
    },
    {
      "name": "headers",
      "type": "params",
      "description": "The HTTP response headers"
    },
    {
      "name": "cookies",
      "type": "array",
      "description": "The response cookies, adds `Set-Cookie` headers"
    }
  ],
  "handler": {
    "settings": [
      {
        "name": "method",
        "type": "string",
        "required" : true,
        "allowed" : ["GET", "POST", "PUT", "PATCH", "DELETE"],
        "description": "The HTTP method (ie. GET,POST,PUT,PATCH or DELETE)"
      },
      {
        "name": "path",
        "type": "string",
        "required" : true,
        "description": "The resource path"
      }
    ]
  }
}
